Sample,Race,Sex,Recurrent,Condition,Age.at.Lab.draw,Any treatment before lab draw,Vital Status,percent_assigned
C3.intact,White,M,NA,Control,65,NA,Alive,0.4
C5.intact,White,F,NA,Control,71,NA,Alive,0.56
P1.intact,White,F,No,GBM,72,No,Deceased,0.43
P3.intact,White,M,Yes,GBM,66,Yes,Alive,0.31
P13.intact,White,M,Yes,GBM,42,Yes,Alive,0.34
P30.intact,White,M,Yes,GBM,72,Yes,Deceased,0.47
C1,White,F,NA,Control,27,NA,Alive,0.66
C2,White,F,NA,Control,22,NA,Alive,0.74
C3,White,M,NA,Control,65,NA,Alive,0.76
C4,White,F,NA,Control,66,NA,Alive,0.67
C5,White,F,NA,Control,71,NA,Alive,0.74
C9,White,M,NA,Control,61,NA,Alive,0.76
C12,White,M,NA,Control,61,NA,Alive,0.75
C18,White,M,NA,Control,50,NA,Alive,0.71
C20,White,M,NA,Control,30,NA,Alive,0.74
C24,White,F,NA,Control,69,NA,Alive,0.68
C27,White,M,NA,Control,44,NA,Alive,0.73
C38,White,M,NA,Control,54,NA,Alive,0.71
P1,White,F,No,GBM,72,No,Deceased,0.73
P3,White,M,Yes,GBM,66,Yes,Alive,0.72
P7,White,M,Yes,GBM,58,Yes,Deceased,0.7
P13,White,M,Yes,GBM,42,Yes,Alive,0.74
P14,White,M,No,GBM,54,Yes,Alive,0.73
P21,White,M,Yes,GBM,57,No,Deceased,0.68
P26,White,F,No,GBM,37,Yes,Alive,0.74
P30,White,M,Yes,GBM,72,Yes,Deceased,0.63
P33,White,M,No,GBM,61,Yes,Alive,0.72
P37,White,F,No,GBM,54,Yes,Alive,0.72
