Sample,Race,Sex,Recurrent,Condition,Age.at.Lab.draw,Any treatment before lab draw,Vital Status
C3.intact,White,M,NA,Control,65,NA,Alive
C5.intact,White,F,NA,Control,71,NA,Alive
P1.intact,White,F,No,GBM,72,No,Deceased
P3.intact,White,M,Yes,GBM,66,Yes,Alive
P13.intact,White,M,Yes,GBM,42,Yes,Alive
P30.intact,White,M,Yes,GBM,72,Yes,Deceased
C1,White,F,NA,Control,27,NA,Alive
C2,White,F,NA,Control,22,NA,Alive
C3,White,M,NA,Control,65,NA,Alive
C4,White,F,NA,Control,66,NA,Alive
C5,White,F,NA,Control,71,NA,Alive
C9,White,M,NA,Control,61,NA,Alive
C12,White,M,NA,Control,61,NA,Alive
C18,White,M,NA,Control,50,NA,Alive
C20,White,M,NA,Control,30,NA,Alive
C24,White,F,NA,Control,69,NA,Alive
C27,White,M,NA,Control,44,NA,Alive
C38,White,M,NA,Control,54,NA,Alive
P1,White,F,No,GBM,72,No,Deceased
P3,White,M,Yes,GBM,66,Yes,Alive
P7,White,M,Yes,GBM,58,Yes,Deceased
P13,White,M,Yes,GBM,42,Yes,Alive
P14,White,M,No,GBM,54,Yes,Alive
P21,White,M,Yes,GBM,57,No,Deceased
P26,White,F,No,GBM,37,Yes,Alive
P30,White,M,Yes,GBM,72,Yes,Deceased
P33,White,M,No,GBM,61,Yes,Alive
P37,White,F,No,GBM,54,Yes,Alive
