"transcript.ID","external_gene_id","Symbol","Descr"
"ENSG00000244734.3","ENSG00000244734","HBB","hemoglobin subunit beta [Source:HGNC Symbol;Acc:HGNC:4827]"
"ENSG00000223609.7","ENSG00000223609","HBD","hemoglobin subunit delta [Source:HGNC Symbol;Acc:HGNC:4829]"
"ENSG00000229988.1","ENSG00000229988","HBBP1","hemoglobin subunit beta pseudogene 1 [Source:HGNC Symbol;Acc:HGNC:4828]"
"ENSG00000196565.13","ENSG00000196565","HBG2","hemoglobin subunit gamma 2 [Source:HGNC Symbol;Acc:HGNC:4832]"
"ENSG00000213931.5","ENSG00000213931","HBE1","hemoglobin subunit epsilon 1 [Source:HGNC Symbol;Acc:HGNC:4830]"
"ENSG00000213934.6","ENSG00000213934","HBG1","hemoglobin subunit gamma 1 [Source:HGNC Symbol;Acc:HGNC:4831]"
"ENSG00000130656.4","ENSG00000130656","HBZ","hemoglobin subunit zeta [Source:HGNC Symbol;Acc:HGNC:4835]"
"ENSG00000206177.6","ENSG00000206177","HBM","hemoglobin subunit mu [Source:HGNC Symbol;Acc:HGNC:4826]"
"ENSG00000206178.2","ENSG00000206178","HBZP1","hemoglobin subunit zeta pseudogene 1 [Source:HGNC Symbol;Acc:HGNC:4836]"
"ENSG00000225323.1","ENSG00000225323","HBAP1","hemoglobin subunit alpha pseudogene 1 [Source:HGNC Symbol;Acc:HGNC:4825]"
"ENSG00000188536.12","ENSG00000188536","HBA2","hemoglobin subunit alpha 2 [Source:HGNC Symbol;Acc:HGNC:4824]"
"ENSG00000206172.8","ENSG00000206172","HBA1","hemoglobin subunit alpha 1 [Source:HGNC Symbol;Acc:HGNC:4823]"
"ENSG00000086506.2","ENSG00000086506","HBQ1","hemoglobin subunit theta 1 [Source:HGNC Symbol;Acc:HGNC:4833]"
"ENSG00000169877.9","ENSG00000169877","AHSP","alpha hemoglobin stabilizing protein [Source:HGNC Symbol;Acc:HGNC:18075]"
"ENSG00000263961.6","ENSG00000263961","RHEX","regulator of hemoglobinization and erythroid cell expansion [Source:HGNC Symbol;Acc:HGNC:25341]"
